Notes,County,County Code,Deaths,Population,Crude Rate,Age Adjusted Rate
,"Baldwin County, AL",1003,22,195540,11.3,12.7
,"Blount County, AL",1009,13,57872,Unreliable,Unreliable
,"Cullman County, AL",1043,16,80811,Unreliable,Unreliable
,"DeKalb County, AL",1049,23,71013,32.4,32.8
,"Escambia County, AL",1053,13,37983,Unreliable,Unreliable
,"Etowah County, AL",1055,21,103931,20.2,20.1
,"Franklin County, AL",1059,10,31532,Unreliable,Unreliable
,"Houston County, AL",1069,20,103668,19.3,17.8
,"Jefferson County, AL",1073,96,659479,14.6,14.9
,"Lee County, AL",1081,10,150933,Unreliable,Unreliable
,"Madison County, AL",1089,23,346892,6.6,6.6
,"Marshall County, AL",1095,16,94760,Unreliable,Unreliable
,"Mobile County, AL",1097,64,414079,15.5,15.7
,"Montgomery County, AL",1101,10,226659,Unreliable,Unreliable
,"Morgan County, AL",1103,18,119787,Unreliable,Unreliable
,"St. Clair County, AL",1115,22,86308,25.5,25.8
,"Shelby County, AL",1117,30,204180,14.7,14.4
,"Talladega County, AL",1121,11,81096,Unreliable,Unreliable
,"Tuscaloosa County, AL",1125,33,200821,16.4,18
,"Walker County, AL",1127,26,65998,39.4,46.5
,"Anchorage Borough, AK",2020,49,300950,16.3,16
,"Fairbanks North Star Borough, AK",2090,12,100436,Unreliable,Unreliable
,"Matanuska-Susitna Borough, AK",2170,12,95192,Unreliable,Unreliable
,"Cochise County, AZ",4003,13,129473,Unreliable,Unreliable
,"Coconino County, AZ",4005,30,136539,22,23.7
,"Gila County, AZ",4007,12,53053,Unreliable,Unreliable
,"Maricopa County, AZ",4013,705,4009412,17.6,17.6
,"Mohave County, AZ",4015,62,203030,30.5,31.9
,"Navajo County, AZ",4017,29,107322,27,29
,"Pima County, AZ",4019,215,996554,21.6,22.9
,"Pinal County, AZ",4021,52,389350,13.4,14.2
,"Yavapai County, AZ",4025,65,215133,30.2,34.1
,"Yuma County, AZ",4027,23,201201,11.4,12.2
,"Benton County, AR",5007,22,237297,9.3,9
,"Craighead County, AR",5031,19,101488,Unreliable,Unreliable
,"Crawford County, AR",5033,12,61640,Unreliable,Unreliable
,"Garland County, AR",5051,22,97173,22.6,21.3
,"Lonoke County, AR",5085,13,70753,Unreliable,Unreliable
,"Pulaski County, AR",5119,55,391284,14.1,13.9
,"Saline County, AR",5125,12,114404,Unreliable,Unreliable
,"Sebastian County, AR",5131,12,127342,Unreliable,Unreliable
,"Washington County, AR",5143,16,216410,Unreliable,Unreliable
,"White County, AR",5145,11,78483,Unreliable,Unreliable
,"Alameda County, CA",6001,174,1578891,11,10.2
,"Butte County, CA",6007,57,222090,25.7,26.3
,"Calaveras County, CA",6009,11,44515,Unreliable,Unreliable
,"Contra Costa County, CA",6013,140,1094205,12.8,11.8
,"El Dorado County, CA",6017,33,181737,18.2,15.8
,"Fresno County, CA",6019,89,955272,9.3,9.9
,"Humboldt County, CA",6023,41,134493,30.5,27.8
,"Imperial County, CA",6025,30,176584,17,18.4
,"Kern County, CA",6029,181,864124,20.9,21.6
,"Kings County, CA",6031,22,150960,14.6,15.3
,"Lake County, CA",6033,30,63860,47,46.9
,"Lassen County, CA",6035,11,32163,Unreliable,Unreliable
,"Los Angeles County, CA",6037,815,10017068,8.1,7.8
,"Madera County, CA",6039,21,152389,13.8,14.5
,"Marin County, CA",6041,40,258365,15.5,13.8
,"Mendocino County, CA",6045,22,87192,25.2,22.8
,"Merced County, CA",6047,34,263228,12.9,13.4
,"Monterey County, CA",6053,55,428826,12.8,13.2
,"Napa County, CA",6055,17,140326,Unreliable,Unreliable
,"Nevada County, CA",6057,24,98200,24.4,23.5
,"Orange County, CA",6059,358,3114363,11.5,11
,"Placer County, CA",6061,48,367309,13.1,12.7
,"Riverside County, CA",6065,317,2292507,13.8,13.7
,"Sacramento County, CA",6067,242,1462131,16.6,15.9
,"San Bernardino County, CA",6071,125,2088371,6,6
,"San Diego County, CA",6073,428,3211252,13.3,12.7
,"San Francisco County, CA",6075,130,837442,15.5,13.6
,"San Joaquin County, CA",6077,109,704379,15.5,15.6
,"San Luis Obispo County, CA",6079,38,276443,13.7,13.9
,"San Mateo County, CA",6081,56,747373,7.5,6.7
,"Santa Barbara County, CA",6083,53,435697,12.2,13
,"Santa Clara County, CA",6085,152,1862041,8.2,7.6
,"Santa Cruz County, CA",6087,44,269419,16.3,15.4
,"Shasta County, CA",6089,50,178980,27.9,28.3
,"Solano County, CA",6095,54,424788,12.7,11.7
,"Sonoma County, CA",6097,38,495025,7.7,7.3
,"Stanislaus County, CA",6099,73,525491,13.9,13.8
,"Sutter County, CA",6101,16,95350,Unreliable,Unreliable
,"Tulare County, CA",6107,38,454143,8.4,9.2
,"Tuolumne County, CA",6109,12,53874,Unreliable,Unreliable
,"Ventura County, CA",6111,126,839620,15,14.5
,"Yolo County, CA",6113,25,204593,12.2,13.2
,"Adams County, CO",8001,82,469193,17.5,17.4
,"Arapahoe County, CO",8005,102,607070,16.8,16
,"Boulder County, CO",8013,56,310048,18.1,17.2
,"Broomfield County, CO",8014,11,59471,Unreliable,Unreliable
,"Denver County, CO",8031,119,649495,18.3,17.9
,"Douglas County, CO",8035,30,305963,9.8,9.3
,"El Paso County, CO",8041,110,655044,16.8,16.7
,"Jefferson County, CO",8059,83,551798,15,14.2
,"Larimer County, CO",8069,61,315988,19.3,19.4
,"Mesa County, CO",8077,20,147554,13.6,14.1
,"Pueblo County, CO",8101,45,161451,27.9,28.7
,"Weld County, CO",8123,30,269785,11.1,11.5
,"Fairfield County, CT",9001,114,939904,12.1,11.9
,"Hartford County, CT",9003,152,898272,16.9,16.5
,"Litchfield County, CT",9005,39,186924,20.9,21
,"Middlesex County, CT",9007,21,165562,12.7,13.7
,"New Haven County, CT",9009,159,862287,18.4,18.5
,"New London County, CT",9011,63,274150,23,23.4
,"Tolland County, CT",9013,13,151377,Unreliable,Unreliable
,"Windham County, CT",9015,21,117604,17.9,17.4
,"Kent County, DE",10001,33,169416,19.5,20.4
,"New Castle County, DE",10003,97,549684,17.6,17.6
,"Sussex County, DE",10005,36,206649,17.4,21.2
,"District of Columbia, DC",11001,102,646449,15.8,15
,"Alachua County, FL",12001,20,253451,7.9,9.5
,"Bay County, FL",12005,20,174987,11.4,11.9
,"Brevard County, FL",12009,106,550823,19.2,20.2
,"Broward County, FL",12011,199,1838844,10.8,10.3
,"Citrus County, FL",12017,27,139271,19.4,24
,"Clay County, FL",12019,38,196399,19.3,18.6
,"Collier County, FL",12021,34,339642,10,11.5
,"Columbia County, FL",12023,13,67543,Unreliable,Unreliable
,"Duval County, FL",12031,143,885855,16.1,15.8
,"Escambia County, FL",12033,25,305817,8.2,8.4
,"Flagler County, FL",12035,12,99956,Unreliable,Unreliable
,"Hernando County, FL",12053,47,174441,26.9,32.9
,"Highlands County, FL",12055,19,97616,Unreliable,Unreliable
,"Hillsborough County, FL",12057,167,1291578,12.9,12.4
,"Indian River County, FL",12061,15,141994,Unreliable,Unreliable
,"Lake County, FL",12069,31,308034,10.1,9.7
,"Lee County, FL",12071,61,661115,9.2,9.7
,"Leon County, FL",12073,15,281845,Unreliable,Unreliable
,"Manatee County, FL",12081,72,342106,21,22.2
,"Marion County, FL",12083,54,337362,16,17.3
,"Martin County, FL",12085,26,151263,17.2,20.2
,"Miami-Dade County, FL",12086,113,2617176,4.3,4.1
,"Monroe County, FL",12087,12,76351,Unreliable,Unreliable
,"Nassau County, FL",12089,16,75710,Unreliable,Unreliable
,"Okaloosa County, FL",12091,12,193811,Unreliable,Unreliable
,"Orange County, FL",12095,123,1225267,10,9.8
,"Osceola County, FL",12097,32,298504,10.7,10.4
,"Palm Beach County, FL",12099,238,1372171,17.3,17.7
,"Pasco County, FL",12101,103,475502,21.7,22.5
,"Pinellas County, FL",12103,185,929048,19.9,18.7
,"Polk County, FL",12105,96,623009,15.4,15.3
,"Putnam County, FL",12107,10,72577,Unreliable,Unreliable
,"St. Johns County, FL",12109,19,209647,Unreliable,Unreliable
,"St. Lucie County, FL",12111,38,286832,13.2,13.6
,"Santa Rosa County, FL",12113,13,161096,Unreliable,Unreliable
,"Sarasota County, FL",12115,67,390429,17.2,19.3
,"Seminole County, FL",12117,55,436041,12.6,12.4
,"Sumter County, FL",12119,14,107056,Unreliable,Unreliable
,"Volusia County, FL",12127,101,500800,20.2,20.5
,"Bartow County, GA",13015,12,101273,Unreliable,Unreliable
,"Bibb County, GA",13021,15,154721,Unreliable,Unreliable
,"Carroll County, GA",13045,17,112355,Unreliable,Unreliable
,"Chatham County, GA",13051,31,278434,11.1,10.8
,"Cherokee County, GA",13057,33,225106,14.7,14.6
,"Clarke County, GA",13059,11,121265,Unreliable,Unreliable
,"Clayton County, GA",13063,20,264220,7.6,8
,"Cobb County, GA",13067,105,717190,14.6,13.8
,"Columbia County, GA",13073,11,135416,Unreliable,Unreliable
,"Coweta County, GA",13077,12,133180,Unreliable,Unreliable
,"DeKalb County, GA",13089,37,713340,5.2,5
,"Douglas County, GA",13097,11,136379,Unreliable,Unreliable
,"Fannin County, GA",13111,11,23760,Unreliable,Unreliable
,"Floyd County, GA",13115,17,95821,Unreliable,Unreliable
,"Forsyth County, GA",13117,19,195405,Unreliable,Unreliable
,"Fulton County, GA",13121,124,984293,12.6,12.3
,"Glynn County, GA",13127,18,81508,Unreliable,Unreliable
,"Gwinnett County, GA",13135,59,859304,6.9,6.9
,"Hall County, GA",13139,28,187745,14.9,14.8
,"Henry County, GA",13151,25,211128,11.8,11.4
,"Houston County, GA",13153,13,147658,Unreliable,Unreliable
,"Jackson County, GA",13157,14,61044,Unreliable,Unreliable
,"Murray County, GA",13213,11,39267,Unreliable,Unreliable
,"Muscogee County, GA",13215,16,202824,Unreliable,Unreliable
,"Newton County, GA",13217,13,102446,Unreliable,Unreliable
,"Paulding County, GA",13223,14,146950,Unreliable,Unreliable
,"Richmond County, GA",13245,20,202003,9.9,10.9
,"Rockdale County, GA",13247,11,86919,Unreliable,Unreliable
,"Walton County, GA",13297,18,85754,Unreliable,Unreliable
,"Whitfield County, GA",13313,14,102945,Unreliable,Unreliable
,"Hawaii County, HI",15001,24,190821,12.6,12.1
,"Honolulu County, HI",15003,111,983429,11.3,11.1
,"Maui County, HI",15009,20,160202,12.5,12
,"Ada County, ID",16001,57,416464,13.7,13
,"Bannock County, ID",16005,18,83249,Unreliable,Unreliable
,"Bonneville County, ID",16019,35,107517,32.6,36.7
,"Canyon County, ID",16027,21,198871,10.6,11.5
,"Kootenai County, ID",16055,10,144265,Unreliable,Unreliable
,"Twin Falls County, ID",16083,10,79957,Unreliable,Unreliable
,"Champaign County, IL",17019,22,204897,10.7,12
,"Coles County, IL",17029,11,53697,Unreliable,Unreliable
,"Cook County, IL",17031,628,5240700,12,11.6
,"DuPage County, IL",17043,94,932126,10.1,10.3
,"Kane County, IL",17089,48,523643,9.2,9.4
,"Kankakee County, IL",17091,21,112120,18.7,19.7
,"Kendall County, IL",17093,13,119348,Unreliable,Unreliable
,"Lake County, IL",17097,68,703019,9.7,10.2
,"LaSalle County, IL",17099,27,112183,24.1,24.2
,"McHenry County, IL",17111,35,307409,11.4,11.1
,"McLean County, IL",17113,18,174647,Unreliable,Unreliable
,"Macon County, IL",17115,11,109278,Unreliable,Unreliable
,"Madison County, IL",17119,48,267225,18,17.4
,"Peoria County, IL",17143,34,188429,18,17.8
,"Rock Island County, IL",17161,15,147258,Unreliable,Unreliable
,"St. Clair County, IL",17163,33,266955,12.4,12.3
,"Sangamon County, IL",17167,23,199145,11.5,11.7
,"Tazewell County, IL",17179,11,136352,Unreliable,Unreliable
,"Will County, IL",17197,79,682829,11.6,11.7
,"Williamson County, IL",17199,10,66924,Unreliable,Unreliable
,"Winnebago County, IL",17201,89,290666,30.6,31.5
,"Allen County, IN",18003,57,363014,15.7,16.2
,"Boone County, IN",18011,14,60477,Unreliable,Unreliable
,"Clark County, IN",18019,21,112938,18.6,18.5
,"Delaware County, IN",18035,20,117484,17,18.8
,"Elkhart County, IN",18039,19,200563,Unreliable,Unreliable
,"Grant County, IN",18053,19,69126,Unreliable,Unreliable
,"Hamilton County, IN",18057,19,296693,Unreliable,Unreliable
,"Hancock County, IN",18059,13,71575,Unreliable,Unreliable
,"Hendricks County, IN",18063,23,153879,14.9,15.2
,"Henry County, IN",18065,14,49044,Unreliable,Unreliable
,"Howard County, IN",18067,24,82760,29,27.7
,"Jackson County, IN",18071,10,43466,Unreliable,Unreliable
,"Johnson County, IN",18081,25,145535,17.2,17.3
,"Lake County, IN",18089,55,491456,11.2,12.5
,"La Porte County, IN",18091,17,111281,Unreliable,Unreliable
,"Madison County, IN",18095,24,130482,18.4,18.4
,"Marion County, IN",18097,206,928281,22.2,22.4
,"Monroe County, IN",18105,19,141888,Unreliable,Unreliable
,"Morgan County, IN",18109,13,69782,Unreliable,Unreliable
,"Porter County, IN",18127,37,166557,22.2,23.7
,"St. Joseph County, IN",18141,39,266709,14.6,15.6
,"Tippecanoe County, IN",18157,26,180174,14.4,15.2
,"Vanderburgh County, IN",18163,36,181398,19.8,20
,"Vigo County, IN",18167,28,108291,25.9,27.6
,"Wayne County, IN",18177,20,67893,29.5,31.8
,"Linn County, IA",19113,23,216111,10.6,10.3
,"Polk County, IA",19153,57,451677,12.6,12.5
,"Pottawattamie County, IA",19155,12,92728,Unreliable,Unreliable
,"Scott County, IA",19163,40,170385,23.5,24.2
,"Story County, IA",19169,10,92406,Unreliable,Unreliable
,"Woodbury County, IA",19193,16,102130,Unreliable,Unreliable
,"Butler County, KS",20015,14,65803,Unreliable,Unreliable
,"Douglas County, KS",20045,14,114322,Unreliable,Unreliable
,"Johnson County, KS",20091,52,566933,9.2,9.2
,"Leavenworth County, KS",20103,13,78185,Unreliable,Unreliable
,"Reno County, KS",20155,13,64190,Unreliable,Unreliable
,"Saline County, KS",20169,12,55740,Unreliable,Unreliable
,"Sedgwick County, KS",20173,71,505415,14,14.8
,"Shawnee County, KS",20177,13,178831,Unreliable,Unreliable
,"Wyandotte County, KS",20209,10,160384,Unreliable,Unreliable
,"Barren County, KY",21009,10,43027,Unreliable,Unreliable
,"Bell County, KY",21013,24,27885,86.1,83.7
,"Boone County, KY",21015,41,124442,32.9,33
,"Bullitt County, KY",21029,11,76854,Unreliable,Unreliable
,"Campbell County, KY",21037,29,90988,31.9,30.3
,"Clark County, KY",21049,10,35614,Unreliable,Unreliable
,"Daviess County, KY",21059,24,98218,24.4,23.5
,"Fayette County, KY",21067,63,308428,20.4,20.3
,"Floyd County, KY",21071,18,38728,Unreliable,Unreliable
,"Franklin County, KY",21073,14,49648,Unreliable,Unreliable
,"Greenup County, KY",21089,15,36519,Unreliable,Unreliable
,"Hardin County, KY",21093,13,108191,Unreliable,Unreliable
,"Harlan County, KY",21095,12,28499,Unreliable,Unreliable
,"Hopkins County, KY",21107,17,46634,Unreliable,Unreliable
,"Jefferson County, KY",21111,185,756832,24.4,24.4
,"Kenton County, KY",21117,66,163145,40.5,40.4
,"Knox County, KY",21121,10,31790,Unreliable,Unreliable
,"McCracken County, KY",21145,17,65373,Unreliable,Unreliable
,"Madison County, KY",21151,13,85590,Unreliable,Unreliable
,"Marshall County, KY",21157,11,31107,Unreliable,Unreliable
,"Pike County, KY",21195,20,63380,31.6,32.8
,"Pulaski County, KY",21199,11,63907,Unreliable,Unreliable
,"Warren County, KY",21227,16,118370,Unreliable,Unreliable
,"Whitley County, KY",21235,14,35766,Unreliable,Unreliable
,"Ascension Parish, LA",22005,22,114393,19.2,19
,"Bossier Parish, LA",22015,16,123823,Unreliable,Unreliable
,"Caddo Parish, LA",22017,24,254887,9.4,9.8
,"Calcasieu Parish, LA",22019,26,195296,13.3,14.4
,"East Baton Rouge Parish, LA",22033,55,445227,12.4,13
,"Iberia Parish, LA",22045,20,73878,27.1,29.8
,"Jefferson Parish, LA",22051,126,434767,29,29.7
,"Lafayette Parish, LA",22055,30,230845,13,13.1
,"Lafourche Parish, LA",22057,16,97141,Unreliable,Unreliable
,"Livingston Parish, LA",22063,37,134053,27.6,27.6
,"Orleans Parish, LA",22071,116,378715,30.6,28.7
,"Ouachita Parish, LA",22073,17,156220,Unreliable,Unreliable
,"Rapides Parish, LA",22079,18,132723,Unreliable,Unreliable
,"St. Bernard Parish, LA",22087,22,43482,50.6,49.7
,"St. Charles Parish, LA",22089,14,52617,Unreliable,Unreliable
,"St. Tammany Parish, LA",22103,72,242333,29.7,29.9
,"Tangipahoa Parish, LA",22105,20,125412,15.9,15.9
,"Terrebonne Parish, LA",22109,22,112749,19.5,20.8
,"Washington Parish, LA",22117,14,46419,Unreliable,Unreliable
,"Androscoggin County, ME",23001,11,107604,Unreliable,Unreliable
,"Cumberland County, ME",23005,46,285456,16.1,15.6
,"Kennebec County, ME",23011,19,121164,Unreliable,Unreliable
,"Penobscot County, ME",23019,19,153364,Unreliable,Unreliable
,"York County, ME",23031,26,199431,13,12.7
,"Allegany County, MD",24001,16,73521,Unreliable,Unreliable
,"Anne Arundel County, MD",24003,97,555743,17.5,17
,"Baltimore County, MD",24005,149,823015,18.1,18.3
,"Calvert County, MD",24009,19,90484,Unreliable,Unreliable
,"Carroll County, MD",24013,37,167564,22.1,22.1
,"Cecil County, MD",24015,25,101913,24.5,23.6
,"Charles County, MD",24017,15,152864,Unreliable,Unreliable
,"Frederick County, MD",24021,37,241409,15.3,15.6
,"Harford County, MD",24025,46,249215,18.5,19.9
,"Howard County, MD",24027,28,304580,9.2,9.3
,"Montgomery County, MD",24031,56,1016677,5.5,5.5
,"Prince George's County, MD",24033,53,890081,6,5.6
,"Queen Anne's County, MD",24035,10,48517,Unreliable,Unreliable
,"St. Mary's County, MD",24037,12,109633,Unreliable,Unreliable
,"Washington County, MD",24043,37,149588,24.7,24.9
,"Wicomico County, MD",24045,11,100896,Unreliable,Unreliable
,"Baltimore city, MD",24510,205,622104,33,31.1
,"Barnstable County, MA",25001,49,214990,22.8,26
,"Berkshire County, MA",25003,21,129585,16.2,17.1
,"Bristol County, MA",25005,134,552780,24.2,24.3
,"Essex County, MA",25009,128,762550,16.8,17.4
,"Franklin County, MA",25011,11,71221,Unreliable,Unreliable
,"Hampden County, MA",25013,81,467319,17.3,17.8
,"Hampshire County, MA",25015,32,159596,20.1,21.6
,"Middlesex County, MA",25017,170,1552802,10.9,10.5
,"Norfolk County, MA",25021,91,687802,13.2,13.3
,"Plymouth County, MA",25023,91,501915,18.1,20.3
,"Suffolk County, MA",25025,128,755503,16.9,17.5
,"Worcester County, MA",25027,143,809106,17.7,17.9
,"Allegan County, MI",26005,10,112531,Unreliable,Unreliable
,"Bay County, MI",26017,20,106832,18.7,17.6
,"Berrien County, MI",26021,19,155252,Unreliable,Unreliable
,"Calhoun County, MI",26025,31,135012,23,23.5
,"Clinton County, MI",26037,10,76739,Unreliable,Unreliable
,"Eaton County, MI",26045,18,108348,Unreliable,Unreliable
,"Genesee County, MI",26049,55,415376,13.2,13.4
,"Grand Traverse County, MI",26055,10,89987,Unreliable,Unreliable
,"Ingham County, MI",26065,50,282234,17.7,18.6
,"Kalamazoo County, MI",26077,42,256725,16.4,17
,"Kent County, MI",26081,70,621700,11.3,11.9
,"Lapeer County, MI",26087,12,88389,Unreliable,Unreliable
,"Livingston County, MI",26093,29,184443,15.7,17
,"Macomb County, MI",26099,237,854769,27.7,27.4
,"Marquette County, MI",26103,12,67700,Unreliable,Unreliable
,"Monroe County, MI",26115,40,150376,26.6,28.1
,"Muskegon County, MI",26121,35,171008,20.5,20.9
,"Oakland County, MI",26125,109,1231640,8.8,8.4
,"Ottawa County, MI",26139,24,272701,8.8,8.6
,"Saginaw County, MI",26145,31,196542,15.8,17.7
,"St. Clair County, MI",26147,39,160469,24.3,23.6
,"Van Buren County, MI",26159,15,75455,Unreliable,Unreliable
,"Washtenaw County, MI",26161,52,354240,14.7,14.2
,"Wayne County, MI",26163,386,1775273,21.7,21.6
,"Anoka County, MN",27003,44,339534,13,12.9
,"Dakota County, MN",27037,34,408509,8.3,8.1
,"Hennepin County, MN",27053,144,1198778,12,11.3
,"Olmsted County, MN",27109,17,149226,Unreliable,Unreliable
,"Ramsey County, MN",27123,66,526714,12.5,12.2
,"St. Louis County, MN",27137,25,200540,12.5,14.8
,"Stearns County, MN",27145,17,152092,Unreliable,Unreliable
,"Washington County, MN",27163,20,246603,8.1,8.1
,"DeSoto County, MS",28033,15,168240,Unreliable,Unreliable
,"Hancock County, MS",28045,20,45566,43.9,38.5
,"Harrison County, MS",28047,44,196500,22.4,22.8
,"Hinds County, MS",28049,14,244899,Unreliable,Unreliable
,"Jackson County, MS",28059,25,140450,17.8,17.3
,"Pearl River County, MS",28109,16,55072,Unreliable,Unreliable
,"Rankin County, MS",28121,17,146767,Unreliable,Unreliable
,"Boone County, MO",29019,22,170773,12.9,13.3
,"Buchanan County, MO",29021,15,89631,Unreliable,Unreliable
,"Butler County, MO",29023,10,43083,Unreliable,Unreliable
,"Callaway County, MO",29027,10,44359,Unreliable,Unreliable
,"Cape Girardeau County, MO",29031,11,77320,Unreliable,Unreliable
,"Cass County, MO",29037,11,100641,Unreliable,Unreliable
,"Clay County, MO",29047,28,230473,12.1,12
,"Franklin County, MO",29071,21,101816,20.6,20.3
,"Greene County, MO",29077,60,283870,21.1,21.7
,"Jackson County, MO",29095,118,679996,17.4,16.1
,"Jasper County, MO",29097,13,116398,Unreliable,Unreliable
,"Jefferson County, MO",29099,63,221396,28.5,28.6
,"Newton County, MO",29145,10,58845,Unreliable,Unreliable
,"Platte County, MO",29165,12,93310,Unreliable,Unreliable
,"St. Charles County, MO",29183,58,373495,15.5,16.4
,"St. Francois County, MO",29187,23,66215,34.7,36.4
,"St. Louis County, MO",29189,177,1001444,17.7,19
,"Scott County, MO",29201,10,39290,Unreliable,Unreliable
,"Warren County, MO",29219,12,32999,Unreliable,Unreliable
,"St. Louis city, MO",29510,97,318416,30.5,30.2
,"Cascade County, MT",30013,16,82384,Unreliable,Unreliable
,"Flathead County, MT",30029,18,93068,Unreliable,Unreliable
,"Gallatin County, MT",30031,10,94720,Unreliable,Unreliable
,"Missoula County, MT",30063,18,111807,Unreliable,Unreliable
,"Yellowstone County, MT",30111,28,154162,18.2,17.3
,"Douglas County, NE",31055,33,537256,6.1,6
,"Lancaster County, NE",31109,27,297036,9.1,9.4
,"Clark County, NV",32003,441,2027868,21.7,20.9
,"Nye County, NV",32023,10,42297,Unreliable,Unreliable
,"Washoe County, NV",32031,115,433731,26.5,25.1
,"Carson City, NV",32510,13,54080,Unreliable,Unreliable
,"Belknap County, NH",33001,10,60179,Unreliable,Unreliable
,"Cheshire County, NH",33005,13,76610,Unreliable,Unreliable
,"Grafton County, NH",33009,10,89629,Unreliable,Unreliable
,"Hillsborough County, NH",33011,69,403985,17.1,15.9
,"Merrimack County, NH",33013,20,146849,13.6,12.5
,"Rockingham County, NH",33015,41,299134,13.7,13.5
,"Strafford County, NH",33017,23,124593,18.5,19.9
,"Atlantic County, NJ",34001,70,275862,25.4,25.6
,"Bergen County, NJ",34003,98,925328,10.6,10.4
,"Burlington County, NJ",34005,87,450838,19.3,19.7
,"Camden County, NJ",34007,143,512854,27.9,28.8
,"Cape May County, NJ",34009,33,95897,34.4,41.2
,"Cumberland County, NJ",34011,25,157332,15.9,15.1
,"Essex County, NJ",34013,111,789565,14.1,13.2
,"Gloucester County, NJ",34015,83,290265,28.6,29.6
,"Hudson County, NJ",34017,65,660282,9.8,9.6
,"Mercer County, NJ",34021,46,370414,12.4,12.2
,"Middlesex County, NJ",34023,75,828919,9,8.8
,"Monmouth County, NJ",34025,78,629672,12.4,13.2
,"Morris County, NJ",34027,45,499397,9,9.2
,"Ocean County, NJ",34029,146,583414,25,28.5
,"Passaic County, NJ",34031,63,505672,12.5,12.5
,"Somerset County, NJ",34035,38,330585,11.5,12.2
,"Sussex County, NJ",34037,16,145992,Unreliable,Unreliable
,"Union County, NJ",34039,44,548256,8,7.8
,"Warren County, NJ",34041,13,107379,Unreliable,Unreliable
,"Bernalillo County, NM",35001,151,674221,22.4,22.6
,"Chaves County, NM",35005,18,65823,Unreliable,Unreliable
,"Dona Ana County, NM",35013,29,213460,13.6,15
,"Grant County, NM",35017,10,29328,Unreliable,Unreliable
,"Lea County, NM",35025,14,68062,Unreliable,Unreliable
,"McKinley County, NM",35031,11,73308,Unreliable,Unreliable
,"Otero County, NM",35035,10,65616,Unreliable,Unreliable
,"Rio Arriba County, NM",35039,30,40072,74.9,77.5
,"Sandoval County, NM",35043,25,136575,18.3,18.2
,"San Juan County, NM",35045,19,126503,Unreliable,Unreliable
,"Santa Fe County, NM",35049,47,147423,31.9,35
,"Valencia County, NM",35061,22,76284,28.8,26.4
,"Albany County, NY",36001,36,306945,11.7,11.2
,"Bronx County, NY",36005,155,1418733,10.9,11
,"Broome County, NY",36007,33,197534,16.7,18.4
,"Cayuga County, NY",36011,15,79477,Unreliable,Unreliable
,"Chautauqua County, NY",36013,14,133080,Unreliable,Unreliable
,"Chemung County, NY",36015,14,88506,Unreliable,Unreliable
,"Columbia County, NY",36021,10,62243,Unreliable,Unreliable
,"Dutchess County, NY",36027,70,296916,23.6,24.2
,"Erie County, NY",36029,137,919866,14.9,15.3
,"Jefferson County, NY",36045,13,119504,Unreliable,Unreliable
,"Kings County, NY",36047,193,2592149,7.4,7.4
,"Monroe County, NY",36055,96,749606,12.8,12.3
,"Nassau County, NY",36059,170,1352146,12.6,12.8
,"New York County, NY",36061,181,1626159,11.1,9.8
,"Niagara County, NY",36063,37,214249,17.3,18.9
,"Oneida County, NY",36065,28,233585,12,12.3
,"Onondaga County, NY",36067,67,468387,14.3,14.1
,"Ontario County, NY",36069,13,109103,Unreliable,Unreliable
,"Orange County, NY",36071,62,375592,16.5,16.9
,"Oswego County, NY",36075,21,121165,17.3,18.5
,"Putnam County, NY",36079,19,99645,Unreliable,Unreliable
,"Queens County, NY",36081,180,2296175,7.8,7.3
,"Rensselaer County, NY",36083,19,159918,Unreliable,Unreliable
,"Richmond County, NY",36085,76,472621,16.1,15.8
,"Rockland County, NY",36087,34,320903,10.6,11.7
,"St. Lawrence County, NY",36089,12,111963,Unreliable,Unreliable
,"Saratoga County, NY",36091,19,223865,Unreliable,Unreliable
,"Schenectady County, NY",36093,19,155333,Unreliable,Unreliable
,"Suffolk County, NY",36103,274,1499738,18.3,18
,"Sullivan County, NY",36105,19,76665,Unreliable,Unreliable
,"Ulster County, NY",36111,26,180998,14.4,14.7
,"Westchester County, NY",36119,106,968802,10.9,10.7
,"Alamance County, NC",37001,18,154378,Unreliable,Unreliable
,"Beaufort County, NC",37013,10,47464,Unreliable,Unreliable
,"Brunswick County, NC",37019,31,115301,26.9,30.9
,"Buncombe County, NC",37021,28,247912,11.3,11.2
,"Burke County, NC",37023,32,89842,35.6,37.2
,"Cabarrus County, NC",37025,37,187226,19.8,20.1
,"Carteret County, NC",37031,14,68434,Unreliable,Unreliable
,"Catawba County, NC",37035,22,154810,14.2,14.1
,"Cleveland County, NC",37045,15,97047,Unreliable,Unreliable
,"Craven County, NC",37049,17,104489,Unreliable,Unreliable
,"Cumberland County, NC",37051,41,325871,12.6,13.3
,"Davidson County, NC",37057,33,163420,20.2,20.6
,"Durham County, NC",37063,25,288133,8.7,8
,"Edgecombe County, NC",37065,11,55574,Unreliable,Unreliable
,"Forsyth County, NC",37067,44,361220,12.2,11.8
,"Gaston County, NC",37071,49,209420,23.4,24
,"Guilford County, NC",37081,39,506610,7.7,7.8
,"Harnett County, NC",37085,14,124987,Unreliable,Unreliable
,"Haywood County, NC",37087,16,59183,Unreliable,Unreliable
,"Henderson County, NC",37089,25,109540,22.8,27.2
,"Iredell County, NC",37097,24,164517,14.6,15
,"Johnston County, NC",37101,19,177967,Unreliable,Unreliable
,"Lincoln County, NC",37109,18,79740,Unreliable,Unreliable
,"Mecklenburg County, NC",37119,65,990977,6.6,6.2
,"Moore County, NC",37125,10,91587,Unreliable,Unreliable
,"Nash County, NC",37127,13,95093,Unreliable,Unreliable
,"New Hanover County, NC",37129,40,213267,18.8,19.4
,"Onslow County, NC",37133,20,185220,10.8,13.1
,"Orange County, NC",37135,10,140352,Unreliable,Unreliable
,"Pitt County, NC",37147,19,174263,Unreliable,Unreliable
,"Randolph County, NC",37151,26,142577,18.2,19.2
,"Richmond County, NC",37153,11,46405,Unreliable,Unreliable
,"Robeson County, NC",37155,19,134841,Unreliable,Unreliable
,"Rockingham County, NC",37157,13,91878,Unreliable,Unreliable
,"Rowan County, NC",37159,29,138323,21,22.5
,"Rutherford County, NC",37161,14,66956,Unreliable,Unreliable
,"Stanly County, NC",37167,12,60635,Unreliable,Unreliable
,"Surry County, NC",37171,12,73050,Unreliable,Unreliable
,"Transylvania County, NC",37175,10,32903,Unreliable,Unreliable
,"Union County, NC",37179,21,212756,9.9,10.6
,"Wake County, NC",37183,72,974289,7.4,7
,"Wayne County, NC",37191,14,124583,Unreliable,Unreliable
,"Wilkes County, NC",37193,21,69023,30.4,30.3
,"Allen County, OH",39003,16,105298,Unreliable,Unreliable
,"Ashtabula County, OH",39007,20,99811,20,20.9
,"Belmont County, OH",39013,10,69571,Unreliable,Unreliable
,"Brown County, OH",39015,18,44264,Unreliable,Unreliable
,"Butler County, OH",39017,125,371272,33.7,34.9
,"Clark County, OH",39023,30,136167,22,22.7
,"Clermont County, OH",39025,75,200218,37.5,38.1
,"Clinton County, OH",39027,17,41945,Unreliable,Unreliable
,"Columbiana County, OH",39029,29,105893,27.4,29.4
,"Cuyahoga County, OH",39035,282,1263154,22.3,21.8
,"Darke County, OH",39037,11,52376,Unreliable,Unreliable
,"Delaware County, OH",39041,16,184979,Unreliable,Unreliable
,"Erie County, OH",39043,17,76048,Unreliable,Unreliable
,"Fairfield County, OH",39045,20,148867,13.4,15
,"Franklin County, OH",39049,218,1212263,18,17.7
,"Geauga County, OH",39055,11,93972,Unreliable,Unreliable
,"Greene County, OH",39057,27,163204,16.5,18.3
,"Hamilton County, OH",39061,240,804520,29.8,29.8
,"Hardin County, OH",39065,10,31641,Unreliable,Unreliable
,"Huron County, OH",39077,15,58889,Unreliable,Unreliable
,"Jackson County, OH",39079,12,32783,Unreliable,Unreliable
,"Jefferson County, OH",39081,19,67964,Unreliable,Unreliable
,"Knox County, OH",39083,12,60810,Unreliable,Unreliable
,"Lake County, OH",39085,47,229857,20.4,21.3
,"Lawrence County, OH",39087,10,61917,Unreliable,Unreliable
,"Licking County, OH",39089,27,168375,16,17.2
,"Logan County, OH",39091,11,45481,Unreliable,Unreliable
,"Lorain County, OH",39093,82,302827,27.1,29.4
,"Lucas County, OH",39095,78,436393,17.9,18.5
,"Mahoning County, OH",39099,46,233869,19.7,21.9
,"Marion County, OH",39101,18,65905,Unreliable,Unreliable
,"Medina County, OH",39103,16,174915,Unreliable,Unreliable
,"Miami County, OH",39109,13,103439,Unreliable,Unreliable
,"Montgomery County, OH",39113,214,535846,39.9,42.4
,"Muskingum County, OH",39119,12,85231,Unreliable,Unreliable
,"Pickaway County, OH",39129,10,56304,Unreliable,Unreliable
,"Portage County, OH",39133,22,163862,13.4,15.6
,"Richland County, OH",39139,24,121773,19.7,21.9
,"Ross County, OH",39141,16,77910,Unreliable,Unreliable
,"Scioto County, OH",39145,18,78153,Unreliable,Unreliable
,"Stark County, OH",39151,53,375432,14.1,14.8
,"Summit County, OH",39153,83,541824,15.3,15.5
,"Trumbull County, OH",39155,43,206442,20.8,22.5
,"Tuscarawas County, OH",39157,12,92672,Unreliable,Unreliable
,"Warren County, OH",39165,30,219169,13.7,14.1
,"Caddo County, OK",40015,11,29594,Unreliable,Unreliable
,"Canadian County, OK",40017,19,126123,Unreliable,Unreliable
,"Carter County, OK",40019,15,48491,Unreliable,Unreliable
,"Cherokee County, OK",40021,13,48017,Unreliable,Unreliable
,"Cleveland County, OK",40027,50,269340,18.6,18
,"Comanche County, OK",40031,14,124937,Unreliable,Unreliable
,"Creek County, OK",40037,15,70470,Unreliable,Unreliable
,"Garfield County, OK",40047,14,62267,Unreliable,Unreliable
,"Garvin County, OK",40049,10,27334,Unreliable,Unreliable
,"Le Flore County, OK",40079,13,49774,Unreliable,Unreliable
,"Muskogee County, OK",40101,16,70303,Unreliable,Unreliable
,"Oklahoma County, OK",40109,173,755245,22.9,23
,"Payne County, OK",40119,10,79066,Unreliable,Unreliable
,"Pittsburg County, OK",40121,14,44703,Unreliable,Unreliable
,"Pottawatomie County, OK",40125,17,71158,Unreliable,Unreliable
,"Rogers County, OK",40131,11,89044,Unreliable,Unreliable
,"Sequoyah County, OK",40135,17,41218,Unreliable,Unreliable
,"Stephens County, OK",40137,11,44919,Unreliable,Unreliable
,"Tulsa County, OK",40143,122,622409,19.6,19.3
,"Wagoner County, OK",40145,20,75700,26.4,24.1
,"Clackamas County, OR",41005,48,388263,12.4,12.4
,"Deschutes County, OR",41017,16,165954,Unreliable,Unreliable
,"Douglas County, OR",41019,10,106940,Unreliable,Unreliable
,"Jackson County, OR",41029,28,208545,13.4,12.5
,"Josephine County, OR",41033,10,83306,Unreliable,Unreliable
,"Lane County, OR",41039,48,356212,13.5,14.9
,"Lincoln County, OR",41041,11,46350,Unreliable,Unreliable
,"Linn County, OR",41043,16,118765,Unreliable,Unreliable
,"Marion County, OR",41047,18,323614,Unreliable,Unreliable
,"Multnomah County, OR",41051,132,766135,17.2,16.1
,"Washington County, OR",41067,48,554996,8.6,8.5
,"Allegheny County, PA",42003,269,1231527,21.8,21.7
,"Armstrong County, PA",42005,14,68107,Unreliable,Unreliable
,"Beaver County, PA",42007,45,170115,26.5,27.9
,"Berks County, PA",42011,54,413521,13.1,13.5
,"Blair County, PA",42013,17,126314,Unreliable,Unreliable
,"Bucks County, PA",42017,141,626976,22.5,24.2
,"Butler County, PA",42019,39,185476,21,23.7
,"Cambria County, PA",42021,50,140499,35.6,39.4
,"Carbon County, PA",42025,17,64786,Unreliable,Unreliable
,"Chester County, PA",42029,51,509468,10,10.5
,"Clearfield County, PA",42033,18,81174,Unreliable,Unreliable
,"Crawford County, PA",42039,20,87376,22.9,24.5
,"Cumberland County, PA",42041,28,241212,11.6,11
,"Dauphin County, PA",42043,38,270937,14,13.5
,"Delaware County, PA",42045,138,561973,24.6,25.4
,"Erie County, PA",42049,61,280294,21.8,23.4
,"Fayette County, PA",42051,36,134999,26.7,28.9
,"Franklin County, PA",42055,10,152085,Unreliable,Unreliable
,"Indiana County, PA",42063,16,87745,Unreliable,Unreliable
,"Lackawanna County, PA",42069,47,213931,22,23.1
,"Lancaster County, PA",42071,51,529600,9.6,10.4
,"Lawrence County, PA",42073,26,89333,29.1,30.7
,"Lebanon County, PA",42075,10,135486,Unreliable,Unreliable
,"Lehigh County, PA",42077,56,355092,15.8,16.2
,"Luzerne County, PA",42079,66,320103,20.6,20.4
,"Lycoming County, PA",42081,19,116754,Unreliable,Unreliable
,"Mercer County, PA",42085,27,115195,23.4,26
,"Monroe County, PA",42089,33,167148,19.7,19.7
,"Montgomery County, PA",42091,138,812376,17,16.9
,"Northampton County, PA",42095,48,299791,16,17.3
,"Northumberland County, PA",42097,17,94076,Unreliable,Unreliable
,"Philadelphia County, PA",42101,402,1553165,25.9,25.8
,"Pike County, PA",42103,11,56591,Unreliable,Unreliable
,"Schuylkill County, PA",42107,23,146920,15.7,16.4
,"Somerset County, PA",42111,11,76520,Unreliable,Unreliable
,"Susquehanna County, PA",42115,13,42286,Unreliable,Unreliable
,"Venango County, PA",42121,11,53907,Unreliable,Unreliable
,"Washington County, PA",42125,54,208206,25.9,28.5
,"Westmoreland County, PA",42129,103,362437,28.4,29.4
,"York County, PA",42133,68,438965,15.5,15.9
,"Kent County, RI",44003,49,165035,29.7,29.1
,"Newport County, RI",44005,16,82397,Unreliable,Unreliable
,"Providence County, RI",44007,145,628600,23.1,22.6
,"Washington County, RI",44009,24,126259,19,20.2
,"Aiken County, SC",45003,32,164176,19.5,19.9
,"Anderson County, SC",45007,36,190641,18.9,19.7
,"Beaufort County, SC",45013,17,171838,Unreliable,Unreliable
,"Berkeley County, SC",45015,28,194020,14.4,14.9
,"Charleston County, SC",45019,44,372803,11.8,11.4
,"Darlington County, SC",45031,14,67935,Unreliable,Unreliable
,"Dorchester County, SC",45035,15,145397,Unreliable,Unreliable
,"Florence County, SC",45041,20,138326,14.5,14.2
,"Greenville County, SC",45045,68,474266,14.3,13.9
,"Horry County, SC",45051,38,289650,13.1,14.2
,"Lancaster County, SC",45057,12,80458,Unreliable,Unreliable
,"Laurens County, SC",45059,18,66229,Unreliable,Unreliable
,"Lexington County, SC",45063,49,273752,17.9,17.4
,"Oconee County, SC",45073,12,75045,Unreliable,Unreliable
,"Pickens County, SC",45077,32,119829,26.7,28.8
,"Richland County, SC",45079,28,399256,7,7.2
,"Spartanburg County, SC",45083,38,290969,13.1,13
,"York County, SC",45091,37,239363,15.5,14.8
,"Minnehaha County, SD",46099,15,179640,Unreliable,Unreliable
,"Anderson County, TN",47001,25,75542,33.1,34.6
,"Benton County, TN",47005,12,16290,Unreliable,Unreliable
,"Blount County, TN",47009,23,125099,18.4,16.5
,"Bradley County, TN",47011,20,101848,19.6,19.6
,"Campbell County, TN",47013,15,40238,Unreliable,Unreliable
,"Cheatham County, TN",47021,12,39492,Unreliable,Unreliable
,"Davidson County, TN",47037,128,658602,19.4,18.1
,"Dickson County, TN",47043,15,50266,Unreliable,Unreliable
,"Franklin County, TN",47051,10,41129,Unreliable,Unreliable
,"Greene County, TN",47059,14,68267,Unreliable,Unreliable
,"Hamblen County, TN",47063,11,63074,Unreliable,Unreliable
,"Hamilton County, TN",47065,53,348673,15.2,15.1
,"Hardin County, TN",47071,18,26034,Unreliable,Unreliable
,"Hawkins County, TN",47073,19,56800,Unreliable,Unreliable
,"Jefferson County, TN",47089,10,52123,Unreliable,Unreliable
,"Knox County, TN",47093,97,444622,21.8,21.6
,"McMinn County, TN",47107,15,52341,Unreliable,Unreliable
,"Marion County, TN",47115,11,28374,Unreliable,Unreliable
,"Maury County, TN",47119,10,83761,Unreliable,Unreliable
,"Montgomery County, TN",47125,26,184119,14.1,15.5
,"Putnam County, TN",47141,17,73525,Unreliable,Unreliable
,"Roane County, TN",47145,20,53047,37.7,34.5
,"Robertson County, TN",47147,11,67383,Unreliable,Unreliable
,"Rutherford County, TN",47149,43,281029,15.3,15.1
,"Sevier County, TN",47155,18,93570,Unreliable,Unreliable
,"Shelby County, TN",47157,140,939465,14.9,14.4
,"Sullivan County, TN",47163,36,156595,23,22.5
,"Sumner County, TN",47165,24,168888,14.2,14.6
,"Tipton County, TN",47167,10,61586,Unreliable,Unreliable
,"Washington County, TN",47179,19,125546,Unreliable,Unreliable
,"Williamson County, TN",47187,14,198901,Unreliable,Unreliable
,"Wilson County, TN",47189,21,121945,17.2,18.5
,"Bastrop County, TX",48021,10,75825,Unreliable,Unreliable
,"Bell County, TX",48027,25,326843,7.6,8.6
,"Bexar County, TX",48029,185,1817610,10.2,10.2
,"Brazoria County, TX",48039,31,330242,9.4,9.1
,"Brazos County, TX",48041,12,203164,Unreliable,Unreliable
,"Collin County, TX",48085,60,854778,7,6.8
,"Dallas County, TX",48113,247,2480331,10,9.9
,"Denton County, TX",48121,49,728799,6.7,6.4
,"Ector County, TX",48135,19,149378,Unreliable,Unreliable
,"Ellis County, TX",48139,12,155976,Unreliable,Unreliable
,"El Paso County, TX",48141,73,827718,8.8,9.4
,"Fort Bend County, TX",48157,18,652365,Unreliable,Unreliable
,"Galveston County, TX",48167,38,306782,12.4,12.1
,"Grayson County, TX",48181,21,122353,17.2,18.1
,"Harris County, TX",48201,429,4336853,9.9,9.8
,"Hays County, TX",48209,11,176026,Unreliable,Unreliable
,"Henderson County, TX",48213,10,78675,Unreliable,Unreliable
,"Hidalgo County, TX",48215,34,815996,4.2,4.8
,"Hood County, TX",48221,13,52905,Unreliable,Unreliable
,"Hunt County, TX",48231,14,87048,Unreliable,Unreliable
,"Jefferson County, TX",48245,25,252358,9.9,9.2
,"Johnson County, TX",48251,11,154707,Unreliable,Unreliable
,"Kaufman County, TX",48257,15,108568,Unreliable,Unreliable
,"Lubbock County, TX",48303,33,289324,11.4,11.5
,"McLennan County, TX",48309,15,241481,Unreliable,Unreliable
,"Midland County, TX",48329,19,151468,Unreliable,Unreliable
,"Montgomery County, TX",48339,49,499137,9.8,10
,"Nueces County, TX",48355,58,352107,16.5,16.1
,"Orange County, TX",48361,12,82957,Unreliable,Unreliable
,"Potter County, TX",48375,20,121661,16.4,16.6
,"Randall County, TX",48381,11,126474,Unreliable,Unreliable
,"San Patricio County, TX",48409,10,66137,Unreliable,Unreliable
,"Smith County, TX",48423,24,216080,11.1,11.8
,"Tarrant County, TX",48439,144,1911541,7.5,7.4
,"Taylor County, TX",48441,12,134117,Unreliable,Unreliable
,"Tom Green County, TX",48451,10,114954,Unreliable,Unreliable
,"Travis County, TX",48453,156,1120954,13.9,13.6
,"Victoria County, TX",48469,16,90028,Unreliable,Unreliable
,"Webb County, TX",48479,29,262495,11,12
,"Wichita County, TX",48485,21,132047,15.9,15.5
,"Williamson County, TX",48491,42,471014,8.9,8.8
,"Cache County, UT",49005,17,116909,Unreliable,Unreliable
,"Carbon County, UT",49007,14,20988,Unreliable,Unreliable
,"Davis County, UT",49011,45,322094,14,16
,"Salt Lake County, UT",49035,262,1079721,24.3,24.5
,"Tooele County, UT",49045,18,60762,Unreliable,Unreliable
,"Utah County, UT",49049,84,551891,15.2,18
,"Washington County, UT",49053,37,147800,25,27.9
,"Weber County, UT",49057,45,238519,18.9,18.7
,"Chittenden County, VT",50007,18,159515,Unreliable,Unreliable
,"Rutland County, VT",50021,16,60622,Unreliable,Unreliable
,"Arlington County, VA",51013,13,224906,Unreliable,Unreliable
,"Augusta County, VA",51015,12,73912,Unreliable,Unreliable
,"Bedford County, VA",51019,12,69825,Unreliable,Unreliable
,"Chesterfield County, VA",51041,33,327745,10.1,10.1
,"Culpeper County, VA",51047,15,48506,Unreliable,Unreliable
,"Fairfax County, VA",51059,55,1130924,4.9,4.8
,"Frederick County, VA",51069,14,81319,Unreliable,Unreliable
,"Hanover County, VA",51085,12,101330,Unreliable,Unreliable
,"Henrico County, VA",51087,28,318611,8.8,8.7
,"Henry County, VA",51089,13,52617,Unreliable,Unreliable
,"Loudoun County, VA",51107,23,349679,6.6,6.9
,"Orange County, VA",51137,10,34689,Unreliable,Unreliable
,"Pittsylvania County, VA",51143,11,62426,Unreliable,Unreliable
,"Prince William County, VA",51153,30,438580,6.8,6.6
,"Spotsylvania County, VA",51177,15,127348,Unreliable,Unreliable
,"Stafford County, VA",51179,14,136788,Unreliable,Unreliable
,"Tazewell County, VA",51185,11,44103,Unreliable,Unreliable
,"Wise County, VA",51195,11,40589,Unreliable,Unreliable
,"Alexandria city, VA",51510,16,148892,Unreliable,Unreliable
,"Chesapeake city, VA",51550,31,230571,13.4,13.9
,"Hampton city, VA",51650,17,136699,Unreliable,Unreliable
,"Newport News city, VA",51700,18,182020,Unreliable,Unreliable
,"Norfolk city, VA",51710,38,246139,15.4,16.7
,"Portsmouth city, VA",51740,15,96205,Unreliable,Unreliable
,"Richmond city, VA",51760,29,214114,13.5,13.4
,"Roanoke city, VA",51770,23,98465,23.4,23.3
,"Virginia Beach city, VA",51810,56,448479,12.5,12.1
,"Benton County, WA",53005,19,184486,Unreliable,Unreliable
,"Chelan County, WA",53007,11,73967,Unreliable,Unreliable
,"Clallam County, WA",53009,19,72312,Unreliable,Unreliable
,"Clark County, WA",53011,60,443817,13.5,13.9
,"Cowlitz County, WA",53015,23,101860,22.6,23
,"Grays Harbor County, WA",53027,16,71078,Unreliable,Unreliable
,"King County, WA",53033,282,2044449,13.8,12.6
,"Kitsap County, WA",53035,25,253968,9.8,9.3
,"Lewis County, WA",53041,10,75081,Unreliable,Unreliable
,"Mason County, WA",53045,10,60497,Unreliable,Unreliable
,"Pierce County, WA",53053,123,819743,15,14.3
,"Skagit County, WA",53057,27,118837,22.7,25.1
,"Snohomish County, WA",53061,131,745913,17.6,16.9
,"Spokane County, WA",53063,66,479398,13.8,13.6
,"Thurston County, WA",53067,37,262388,14.1,12.8
,"Whatcom County, WA",53073,21,206353,10.2,11.1
,"Yakima County, WA",53077,15,247044,Unreliable,Unreliable
,"Berkeley County, WV",54003,44,108706,40.5,40.6
,"Boone County, WV",54005,19,24224,Unreliable,Unreliable
,"Cabell County, WV",54011,48,97133,49.4,53.3
,"Fayette County, WV",54019,24,45599,52.6,53.1
,"Hancock County, WV",54029,15,30291,Unreliable,Unreliable
,"Harrison County, WV",54033,19,68972,Unreliable,Unreliable
,"Jefferson County, WV",54037,16,55073,Unreliable,Unreliable
,"Kanawha County, WV",54039,64,191275,33.5,34
,"Logan County, WV",54045,22,35987,61.1,58.8
,"McDowell County, WV",54047,21,20876,100.6,109.2
,"Mercer County, WV",54055,24,61984,38.7,40.8
,"Mingo County, WV",54059,12,25900,Unreliable,Unreliable
,"Nicholas County, WV",54067,11,25965,Unreliable,Unreliable
,"Putnam County, WV",54079,12,56650,Unreliable,Unreliable
,"Raleigh County, WV",54081,37,78833,46.9,49.5
,"Wayne County, WV",54099,18,41437,Unreliable,Unreliable
,"Wood County, WV",54107,17,86569,Unreliable,Unreliable
,"Wyoming County, WV",54109,14,23019,Unreliable,Unreliable
,"Brown County, WI",55009,29,254586,11.4,11.2
,"Columbia County, WI",55021,14,56653,Unreliable,Unreliable
,"Dane County, WI",55025,88,509939,17.3,16.4
,"Dodge County, WI",55027,13,88344,Unreliable,Unreliable
,"Kenosha County, WI",55059,46,167757,27.4,26.1
,"La Crosse County, WI",55063,12,116713,Unreliable,Unreliable
,"Manitowoc County, WI",55071,11,80654,Unreliable,Unreliable
,"Milwaukee County, WI",55079,234,956023,24.5,24.7
,"Outagamie County, WI",55087,13,180345,Unreliable,Unreliable
,"Ozaukee County, WI",55089,11,87054,Unreliable,Unreliable
,"Racine County, WI",55101,37,195041,19,19.5
,"Rock County, WI",55105,32,160739,19.9,21.1
,"Sauk County, WI",55111,10,63162,Unreliable,Unreliable
,"Sheboygan County, WI",55117,13,114922,Unreliable,Unreliable
,"Walworth County, WI",55127,17,102945,Unreliable,Unreliable
,"Washington County, WI",55131,22,132739,16.6,17.3
,"Waukesha County, WI",55133,47,393843,11.9,12.2
,"Winnebago County, WI",55139,17,169541,Unreliable,Unreliable
,"Wood County, WI",55141,10,73959,Unreliable,Unreliable
,"Fremont County, WY",56013,10,40998,Unreliable,Unreliable
,"Laramie County, WY",56021,15,95809,Unreliable,Unreliable
,"Natrona County, WY",56025,17,80973,Unreliable,Unreliable
Total,,,43982,316128839,13.9,13.8
---,,,,,,
"Dataset: Underlying Cause of Death, 1999-2016",,,,,,
Query Parameters:,,,,,,
Title:,,,,,,
2013 Urbanization: All,,,,,,
Autopsy: All,,,,,,
Gender: All,,,,,,
Hispanic Origin: All,,,,,,
"ICD-10 Codes: X40 (Accidental poisoning by and exposure to nonopioid analgesics, antipyretics and antirheumatics), X41",,,,,,
"(Accidental poisoning by and exposure to antiepileptic, sedative-hypnotic, antiparkinsonism and psychotropic drugs, not",,,,,,
"elsewhere classified), X42 (Accidental poisoning by and exposure to narcotics and psychodysleptics [hallucinogens], not",,,,,,
"elsewhere classified), X43 (Accidental poisoning by and exposure to other drugs acting on the autonomic nervous system), X44",,,,,,
"(Accidental poisoning by and exposure to other and unspecified drugs, medicaments and biological substances), X60 (Intentional",,,,,,
"self-poisoning by and exposure to nonopioid analgesics, antipyretics and antirheumatics), X61 (Intentional self-poisoning by and",,,,,,
"exposure to antiepileptic, sedative-hypnotic, antiparkinsonism and psychotropic drugs, not elsewhere classified), X62",,,,,,
"(Intentional self-poisoning by and exposure to narcotics and psychodysleptics [hallucinogens], not elsewhere classified), X63",,,,,,
"(Intentional self-poisoning by and exposure to other drugs acting on the autonomic nervous system), X64 (Intentional",,,,,,
"self-poisoning by and exposure to other and unspecified drugs, medicaments and biological substances), X85 (Assault by drugs,",,,,,,
"medicaments and biological substances), Y10 (Poisoning by and exposure to nonopioid analgesics, antipyretics and antirheumatics,",,,,,,
"undetermined intent), Y11 (Poisoning by and exposure to antiepileptic, sedative-hypnotic, antiparkinsonism and psychotropic",,,,,,
"drugs, not elsewhere classified, undetermined intent), Y12 (Poisoning by and exposure to narcotics and psychodysleptics",,,,,,
"[hallucinogens], not elsewhere classified, undetermined intent), Y13 (Poisoning by and exposure to other drugs acting on the",,,,,,
"autonomic nervous system, undetermined intent), Y14 (Poisoning by and exposure to other and unspecified drugs, medicaments and",,,,,,
"biological substances, undetermined intent)",,,,,,
Place of Death: All,,,,,,
Race: All,,,,,,
States: All,,,,,,
Ten-Year Age Groups: All,,,,,,
Weekday: All,,,,,,
Year/Month: 2013,,,,,,
Group By: County,,,,,,
Show Totals: True,,,,,,
Show Zero Values: False,,,,,,
Show Suppressed: False,,,,,,
Standard Population: 2000 U.S. Std. Population,,,,,,
"Calculate Rates Per: 100,000",,,,,,
Rate Options: Default intercensal populations for years 2001-2009 (except Infant Age Groups),,,,,,
---,,,,,,
Help: See http://wonder.cdc.gov/wonder/help/ucd.html for more information.,,,,,,
---,,,,,,
"Query Date: Apr 29, 2018 10:08:59 PM",,,,,,
---,,,,,,
"Suggested Citation: Centers for Disease Control and Prevention, National Center for Health Statistics. Underlying Cause of Death",,,,,,
"1999-2016 on CDC WONDER Online Database, released December, 2017. Data are from the Multiple Cause of Death Files, 1999-2016, as",,,,,,
compiled from data provided by the 57 vital statistics jurisdictions through the Vital Statistics Cooperative Program. Accessed,,,,,,
"at http://wonder.cdc.gov/ucd-icd10.html on Apr 29, 2018 10:08:59 PM",,,,,,
---,,,,,,
Messages:,,,,,,
"1. Rows with zero Deaths are hidden, but the Population values in those rows are included in the totals. Use Quick Options above",,,,,,
to show zero rows.,,,,,,
"2. Rows with suppressed Deaths are hidden, but the Deaths and Population values in those rows are included in the totals. Use",,,,,,
Quick Options above to show suppressed rows.,,,,,,
---,,,,,,
Footnotes:,,,,,,
1. Data are not available for this area for all of the requested years. See Caveats below for more information.,,,,,,
---,,,,,,
Caveats:,,,,,,
"1. Data for Prince of Wales-Hyder Census Area, AK (FIPS code 02198), Hoonah-Angoon Census Area, AK (FIPS code 02105), Skagway",,,,,,
"Municipality, AK (FIPS code 02230), Petersburg Borough/Census Area, AK (FIPS code 02195) and Wrangell City and Borough, AK (FIPS",,,,,,
"code 02275) are only available for 2014 and later; for computational purposes, counts and population estimates for 2013 and",,,,,,
"earlier are set to zero. Thus, counts and rates shown in multi-year requests for this entity do not include any data for years",,,,,,
"before 2014, only data for 2014 and later. More information: http://wonder.cdc.gov/wonder/help/ucd.html#Alaska2014.",,,,,,
"2. Death rates for Clifton Forge city, Virginia (FIPS code 51560) are available only for 1999-2000. For 2001 and beyond, death",,,,,,
"counts and population estimates for Clifton Forge city have been combined with those for Alleghany county, Virginia (FIPS code",,,,,,
"51005). Death counts and population estimates for this entity from multi-year requests, only reflect data from 1999 and 2000;",,,,,,
for 2001 and beyond they have been set to zero. More information: http://wonder.cdc.gov/wonder/help/ucd.html#Clifton Forge.,,,,,,
"3. Deaths and population estimates are shown separately from the adjacent counties for Carson City, Nevada (FIPS code 32510).",,,,,,
4. Deaths and population estimates are reported separately for Baltimore City (FIPS code 24510) and Baltimore county (FIPS code,,,,,,
24005).,,,,,,
5. Deaths and population estimates are reported separately for St. Louis City (FIPS code 29510) and county (FIPS code 29189).,,,,,,
6. Data are Suppressed when the data meet the criteria for confidentiality constraints. More information:,,,,,,
http://wonder.cdc.gov/wonder/help/ucd.html#Assurance of Confidentiality.,,,,,,
7. Death rates are flagged as Unreliable when the rate is calculated with a numerator of 20 or less. More information:,,,,,,
http://wonder.cdc.gov/wonder/help/ucd.html#Unreliable.,,,,,,
8. The populations used to calculate standard age-adjusted rates are documented here: More information:,,,,,,
http://wonder.cdc.gov/wonder/help/ucd.html#2000 Standard Population.,,,,,,
9. The method used to calculate age-adjusted rates is documented here: More information:,,,,,,
http://wonder.cdc.gov/wonder/help/ucd.html#Age-Adjusted Rates.,,,,,,
"10. Deaths for persons of unknown age are included in counts and crude rates, but are not included in age-adjusted rates.",,,,,,
"11. The population figures for year 2016 are bridged-race estimates of the July 1 resident population, from the Vintage 2016",,,,,,
"postcensal series released by NCHS on June 26, 2017. The population figures for year 2015 are bridged-race estimates of the July",,,,,,
"1 resident population, from the Vintage 2015 postcensal series released by NCHS on June 28, 2016. The population figures for",,,,,,
"year 2014 are bridged-race estimates of the July 1 resident population, from the Vintage 2014 postcensal series released by NCHS",,,,,,
"on June 30, 2015. The population figures for year 2013 are bridged-race estimates of the July 1 resident population, from the",,,,,,
"Vintage 2013 postcensal series released by NCHS on June 26, 2014. The population figures for year 2012 are bridged-race",,,,,,
"estimates of the July 1 resident population, from the Vintage 2012 postcensal series released by NCHS on June 13, 2013. The",,,,,,
"population figures for year 2011 are bridged-race estimates of the July 1 resident population, from the Vintage 2011 postcensal",,,,,,
"series released by NCHS on July 18, 2012. Population figures for 2010 are April 1 Census counts. The population figures for",,,,,,
"years 2001 - 2009 are bridged-race estimates of the July 1 resident population, from the revised intercensal county-level 2000 -",,,,,,
"2009 series released by NCHS on October 26, 2012. Population figures for 2000 are April 1 Census counts. Population figures for",,,,,,
1999 are from the 1990-1999 intercensal series of July 1 estimates. Population figures for the infant age groups are the number,,,,,,
of live births. <br/><b>Note:</b> Rates and population figures for years 2001 - 2009 differ slightly from previously published,,,,,,
"reports, due to use of the population estimates which were available at the time of release.",,,,,,
12. The population figures used in the calculation of death rates for the age group 'under 1 year' are the estimates of the,,,,,,
resident population that is under one year of age. More information: http://wonder.cdc.gov/wonder/help/ucd.html#Age Group.,,,,,,
13. Changes to cause of death classification affect reporting trends. More information:,,,,,,
http://wonder.cdc.gov/wonder/help/ucd.html#ICD-10 Changes.,,,,,,
